{
    "deviceName": "OAK-D-PRO",
    "mxSerial": "14442C109151DAD600",
    "cameras": {
        "rgb": {
            "socket": "CameraBoardSocket.CAM_A",
            "fov": 68.7938003540039,
            "distortion": [
                18.999500274658203,
                -188.9325408935547,
                3.013410241692327e-05,
                0.0006599908228963614,
                526.2556762695312,
                18.59468650817871,
                -185.91253662109375,
                518.063232421875,
                0.0,
                0.0,
                0.0,
                0.0,
                0.004430070053786039,
                -0.0028452700935304165
            ],
            "intrinsics": {
                "1920x1080": [
                    [
                        1543.4290771484375,
                        0.0,
                        949.1143188476562
                    ],
                    [
                        0.0,
                        1542.7391357421875,
                        546.6103515625
                    ],
                    [
                        0.0,
                        0.0,
                        1.0
                    ]
                ],
                "1280x720": [
                    [
                        1028.9527587890625,
                        0.0,
                        632.742919921875
                    ],
                    [
                        0.0,
                        1028.4927978515625,
                        364.40692138671875
                    ],
                    [
                        0.0,
                        0.0,
                        1.0
                    ]
                ],
                "640x400": [
                    [
                        571.640380859375,
                        0.0,
                        315.96826171875
                    ],
                    [
                        0.0,
                        571.3848266601562,
                        202.44827270507812
                    ],
                    [
                        0.0,
                        0.0,
                        1.0
                    ]
                ],
                "640x360": [
                    [
                        514.4763793945312,
                        0.0,
                        316.3714599609375
                    ],
                    [
                        0.0,
                        514.2463989257812,
                        182.20346069335938
                    ],
                    [
                        0.0,
                        0.0,
                        1.0
                    ]
                ]
            }
        },
        "left": {
            "socket": "CameraBoardSocket.CAM_B",
            "fov": 71.86000061035156,
            "distortion": [
                23.713037490844727,
                -34.89390182495117,
                -0.0010131113231182098,
                -0.0009363586432300508,
                13.674983024597168,
                23.05130958557129,
                -32.94724655151367,
                12.233022689819336,
                0.0,
                0.0,
                0.0,
                0.0,
                0.0017686367500573397,
                -0.007139386609196663
            ],
            "intrinsics": {
                "1920x1080": [
                    [
                        1202.8765869140625,
                        0.0,
                        951.89013671875
                    ],
                    [
                        0.0,
                        1202.9281005859375,
                        512.5580444335938
                    ],
                    [
                        0.0,
                        0.0,
                        1.0
                    ]
                ],
                "1280x720": [
                    [
                        801.917724609375,
                        0.0,
                        634.5934448242188
                    ],
                    [
                        0.0,
                        801.9520874023438,
                        341.7053527832031
                    ],
                    [
                        0.0,
                        0.0,
                        1.0
                    ]
                ],
                "640x400": [
                    [
                        400.9588623046875,
                        0.0,
                        317.2967224121094
                    ],
                    [
                        0.0,
                        400.9760437011719,
                        190.85267639160156
                    ],
                    [
                        0.0,
                        0.0,
                        1.0
                    ]
                ],
                "640x360": [
                    [
                        400.9588623046875,
                        0.0,
                        317.2967224121094
                    ],
                    [
                        0.0,
                        400.9760437011719,
                        170.85267639160156
                    ],
                    [
                        0.0,
                        0.0,
                        1.0
                    ]
                ]
            }
        },
        "right": {
            "socket": "CameraBoardSocket.CAM_C",
            "fov": 71.86000061035156,
            "distortion": [
                28.54860496520996,
                -48.08084487915039,
                0.00034399222931824625,
                -0.00027609660173766315,
                25.06488037109375,
                27.785520553588867,
                -45.81864929199219,
                23.383575439453125,
                0.0,
                0.0,
                0.0,
                0.0,
                -0.007674077525734901,
                -0.0011950073530897498
            ],
            "intrinsics": {
                "1920x1080": [
                    [
                        1208.5687255859375,
                        0.0,
                        992.2486572265625
                    ],
                    [
                        0.0,
                        1208.3150634765625,
                        499.96685791015625
                    ],
                    [
                        0.0,
                        0.0,
                        1.0
                    ]
                ],
                "1280x720": [
                    [
                        805.7124633789062,
                        0.0,
                        661.4990844726562
                    ],
                    [
                        0.0,
                        805.5433959960938,
                        333.3112487792969
                    ],
                    [
                        0.0,
                        0.0,
                        1.0
                    ]
                ],
                "640x400": [
                    [
                        402.8562316894531,
                        0.0,
                        330.7495422363281
                    ],
                    [
                        0.0,
                        402.7716979980469,
                        186.65562438964844
                    ],
                    [
                        0.0,
                        0.0,
                        1.0
                    ]
                ],