{
  "version": 2,
  "robot": {
    "env": {
      "OSGAR_LOGS_PREFIX": null
    },
    "modules": {
      "app": {
          "driver": "dtc:DARPATriageChallenge",
          "in": ["emergency_stop", "pose2d", "nn_mask", "nmea_data", "orientation_list"],
          "out": ["desired_steering"],
          "init": {
            "max_speed": 0.5,
            "turn_angle": 40,
            "horizon": 250,
            "waypoints": [],
            "geofenceZT": [
              [49.911862, 14.199556],
              [49.911905, 14.199690],
              [49.912248, 14.199604],
              [49.912217, 14.199459]
            ],
            "m03-geofenceZT": [
              [49.911862, 14.199556],
              [49.911905, 14.199690],
              [49.9120750, 14.1996283],
              [49.9120458, 14.1995144]
            ],
            "m05-geofenceZT": [
              [49.9120750, 14.1996283],
              [49.9120458, 14.1995144],
              [49.912248, 14.199604],
              [49.912217, 14.199459]
            ],
            "geofenceV": [
              [50.075834, 14.519162],
              [50.075782, 14.520208],
              [50.075999, 14.520223],
              [50.076049, 14.519141]
            ],
            "geofenceS": [
              [50.560846, 15.533489],
              [50.561773, 15.534347],
              [50.561260, 15.535324],
              [50.560471, 15.534645]
            ],
            "geofenceHome": [
              [32.6570764, -83.7562508],
              [32.6572911, -83.7561650],
              [32.6573317, -83.7562642],
              [32.6571331, -83.7563392]
            ],
            "geofence": [
              [32.645191, -83.748243],
              [32.644933, -83.748039],
              [32.644875, -83.746977],
              [32.644504, -83.746709],
              [32.644319, -83.746043],
              [32.645037, -83.745786],
              [32.645399, -83.747063]
            ],
            "geofenceCourse1": [
              [32.5006081, -83.75119667],
              [32.50055349, -83.75111663],
              [32.50053277, -83.75105717],
              [32.50055834, -83.75103178],
              [32.50056201, -83.75098954],
              [32.5005462, -83.7509784],
              [32.50053282, -83.75098037],
              [32.50054042, -83.75091313],
              [32.5005552, -83.75082956],
              [32.50057117, -83.75081735],
              [32.50059132, -83.75074073],
              [32.50062328, -83.75063235],
              [32.50063715, -83.75053725],
              [32.50077392, -83.75055406],
              [32.50082751, -83.75056801],
              [32.50080423, -83.75061582],
              [32.50075642, -83.75069367],
              [32.50085467, -83.75069505],
              [32.50085741, -83.75074103],
              [32.5008731, -83.75077869],
              [32.5009541, -83.75076515],
              [32.5009549, -83.75082034],
              [32.50096774, -83.75090558],
              [32.50084645, -83.75091419],
              [32.50081124, -83.75092152],
              [32.50076638, -83.75093521],
              [32.50074672, -83.75093989],
              [32.50073275, -83.75094692],
              [32.50071956, -83.75100623],
              [32.50070848, -83.75105999],
              [32.50074344, -83.75117699],
              [32.50069279, -83.75117932]
            ]
          }
      },
      "platform": {
        "driver": "osgar.platforms.matty:Matty",
        "in": ["esp_data"],
        "out": ["esp_data"],
        "init": {}
      },
      "timer": {
        "driver": "timer",
        "in": [],
        "out": ["tick"],
        "init": {
          "sleep": 0.1
        }
      },
      "gps": {
        "driver": "gps",
        "in": ["raw"],
        "out": ["nmea_data"],
        "init": {
        }
      },
      "doctor": {
        "driver": "doctor:Doctor",
        "in": ["report_latlon", "h256_video"],
        "out": [],
        "init": {
        }
      },
      "reporter": {
        "driver": "reporter:Reporter",
        "in": ["report", "image"],
        "out": [],
        "init": {
        }
      },
      "serial": {
          "driver": "serial",
          "in": ["raw"],
          "out": ["raw"],
          "init": {"port": "/dev/esp32", "speed": 115200}
      },
      "estop": {
          "driver": "subt.estop:EStop",
          "in": ["raw"],
          "out": ["raw", "emergency_stop"],
          "init": {}
      },
      "estop_serial": {
          "driver": "serial",
          "in": ["raw"],
          "out": ["raw"],
          "init": {"port": "/dev/estop", "speed": 9600}
      },
      "crypt": {
          "driver": "crypt:Crypt",
          "in": ["raw", "packet"],
          "out": ["decrypted", "encrypted"],
          "init": {
            "enc_key": "cd88e9e7685df9292842afdb9155855023733c7bbc867d4e950aacd77a3cb4df",
            "mac_key": "69bd50ff2f953e862d71feac8110d55db420e30db0b6d381ca26b0f48deef0cb"
          }
      },
      "lora_serial": {
          "driver": "serial",
          "in": ["raw"],
          "out": ["raw"],
          "init": {"port": "/dev/lora", "speed": 115200}
      },
      "audio": {
        "driver": "osgar.drivers.audio:Audio",
        "init": {
          "rate": 44100,
          "channels": 1,
          "format": "paInt16",
          "frames_per_buffer": 1024,
          "device_index": null
        }
      },
      "audio_player": {
        "driver": "dtc_audio:DTCAudio",
        "init": {
        }
      },
      "oak": {
        "driver": "osgar.drivers.oak_camera:OakCamera",
        "init": {
          "fps": 10,
          "is_color": true,
          "video_encoder": "h265",
          "h264_bitrate": 4000,
          "is_depth": true,
          "is_stereo_images": false,
          "laser_projector_current": 0,
          "flood_light_current": 500,
          "is_imu_enabled": true,
          "number_imu_records": 10,
          "disable_magnetometer_fusion": false,
          "mono_resolution": [640, 400],
          "color_resolution": "THE_1080_P",
          "color_manual_focus": 130,
          "stereo_median_filter": "KERNEL_3x3",
          "stereo_mode": "HIGH_ACCURACY",
          "stereo_extended_disparity": false,
          "stereo_subpixel": false,
          "stereo_left_right_check": true,
          "verbose_detections": false,
          "sleep_on_start_sec": 5,
          "model": {
            "blob": "models/yolov8n_coco_640x352.blob"
          },
          "nn_config": {
            "output_format": "detection",
            "NN_family": "YOLO",
            "input_size": "640x352",
            "NN_specific_metadata": {
              "classes": 80,
              "coordinates": 4,
              "anchors": [],
              "anchor_masks": {},
              "iou_threshold": 0.5,
              "confidence_threshold": 0.5
            }
          },