{
  "version": 2,
  "robot": {
    "env": {
      "OSGAR_LOGS_PREFIX": null
    },
    "modules": {
      "app": {
          "driver": "dtc:DARPATriageChallenge",
          "in": ["emergency_stop", "pose2d", "nn_mask", "nmea_data", "orientation_list"],
          "out": ["desired_steering"],
          "init": {
            "max_speed": 0.5,
            "turn_angle": 40,
            "horizon": 250,
            "waypoints": [],
            "geofenceZT": [
              [49.911862, 14.199556],
              [49.911905, 14.199690],
              [49.912248, 14.199604],
              [49.912217, 14.199459]
            ],
            "m03-geofenceZT": [
              [49.911862, 14.199556],
              [49.911905, 14.199690],
              [49.9120750, 14.1996283],
              [49.9120458, 14.1995144]
            ],
            "m05-geofenceZT": [
              [49.9120750, 14.1996283],
              [49.9120458, 14.1995144],
              [49.912248, 14.199604],
              [49.912217, 14.199459]
            ],
            "geofence": [
              [32.6570764, -83.7562508],
              [32.6572911, -83.7561650],
              [32.6573317, -83.7562642],
              [32.6571331, -83.7563392]
            ],
            "geofencePractice1": [
              [32.50472824, -83.75105609],
              [32.50474941, -83.75073215],
              [32.50448139, -83.75065224],
              [32.50447801, -83.75070009],
              [32.50439771, -83.75069812],
              [32.50439194, -83.75079394],
              [32.50447311, -83.75079809],
              [32.50446258, -83.75097878]
            ],
            "geofencePractice2": [
              [32.503937667, -83.751958989],
              [32.50399794, -83.752440874],
              [32.504215144, -83.752417715],
              [32.504223395, -83.752514539],
              [32.504302494, -83.752503158],
              [32.504295145, -83.752406576],
              [32.504402849, -83.752391352],
              [32.504381145, -83.751931021]
            ],
            "geofenceCourse2": [
              [32.4999742, -83.7578552],
              [32.50006581, -83.75780642],
              [32.50012796, -83.75776744],
              [32.50016267, -83.75784238],
              [32.50019249, -83.75791396],
              [32.50021685, -83.75796341],
              [32.50025666, -83.75802452],
              [32.50028241, -83.75806581],
              [32.50030577, -83.75809299],
              [32.50034588, -83.75812511],
              [32.50037698, -83.75815163],
              [32.50042718, -83.75818747],
              [32.50046478, -83.75820402],
              [32.50052552, -83.75822276],
              [32.50054509, -83.75826163],
              [32.50058647, -83.75835229],
              [32.50050153, -83.75838],
              [32.5003982, -83.75837795],
              [32.50030187, -83.75836343],
              [32.50027322, -83.75835889],
              [32.50019984, -83.75826584],
              [32.50014193, -83.75817763],
              [32.50008019, -83.75808613],
              [32.50002926, -83.75798058]
            ]
          }
      },
      "platform": {
        "driver": "osgar.platforms.matty:Matty",
        "in": ["esp_data"],
        "out": ["esp_data"],
        "init": {}
      },
      "timer": {
        "driver": "timer",
        "in": [],
        "out": ["tick"],
        "init": {
          "sleep": 0.1
        }
      },
      "gps": {
        "driver": "gps",
        "in": ["raw"],
        "out": ["nmea_data"],
        "init": {
        }
      },
      "doctor": {
        "driver": "doctor:Doctor",
        "in": ["report_latlon", "h256_video"],
        "out": [],
        "init": {
        }
      },
      "reporter": {
        "driver": "reporter:Reporter",
        "in": ["report", "image"],
        "out": [],
        "init": {
        }
      },
      "serial": {
          "driver": "serial",
          "in": ["raw"],
          "out": ["raw"],
          "init": {"port": "/dev/esp32", "speed": 115200}
      },
      "estop": {
          "driver": "subt.estop:EStop",
          "in": ["raw"],
          "out": ["raw", "emergency_stop"],
          "init": {}
      },
      "estop_serial": {
          "driver": "serial",
          "in": ["raw"],
          "out": ["raw"],
          "init": {"port": "/dev/estop", "speed": 9600}
      },
      "crypt": {
          "driver": "crypt:Crypt",
          "in": ["raw", "packet"],
          "out": ["decrypted", "encrypted"],
          "init": {
            "enc_key": "cd88e9e7685df9292842afdb9155855023733c7bbc867d4e950aacd77a3cb4df",
            "mac_key": "69bd50ff2f953e862d71feac8110d55db420e30db0b6d381ca26b0f48deef0cb"
          }
      },
      "lora_serial": {
          "driver": "serial",
          "in": ["raw"],
          "out": ["raw"],
          "init": {"port": "/dev/lora", "speed": 115200}
      },
      "audio": {
        "driver": "osgar.drivers.audio:Audio",
        "init": {
          "rate": 44100,
          "channels": 1,
          "format": "paInt16",
          "frames_per_buffer": 1024,
          "device_index": null
        }
      },
      "audio_player": {
        "driver": "dtc_audio:DTCAudio",
        "init": {
        }
      },
      "oak": {
        "driver": "osgar.drivers.oak_camera:OakCamera",
        "init": {
          "fps": 10,
          "is_color": false,
          "video_encoder": "h265",
          "h264_bitrate": 4000,
          "is_depth": true,
          "is_stereo_images": true,
          "laser_projector_current": 0,
          "flood_light_current": 500,
          "is_imu_enabled": true,
          "number_imu_records": 10,
          "disable_magnetometer_fusion": false,
          "mono_resolution": [640, 400],
          "stereo_median_filter": "KERNEL_3x3",
          "stereo_mode": "HIGH_ACCURACY",
          "stereo_extended_disparity": false,
          "stereo_subpixel": false,
          "stereo_left_right_check": true,
          "verbose_detections": false,
          "sleep_on_start_sec": 5,
          "model": {
            "blob": "models/yolov8n_coco_640x352.blob"
          },
          "nn_config": {
            "output_format": "detection",
            "NN_family": "YOLO",
            "input_size": "640x352",
            "NN_specific_metadata": {
              "classes": 80,
              "coordinates": 4,
              "anchors": [],
              "anchor_masks": {},
              "iou_threshold": 0.5,
              "confidence_threshold": 0.5
            }
          },
          "mappings": {
               "labels": [
    "person",         "bicycle",    "car",           "motorbike",     "aeroplane",   "bus",           "train",
    "truck",          "boat",       "traffic light", "fire hydrant",  "stop sign",   "parking meter", "bench",
    "bird",           "cat",        "dog",           "horse",         "sheep",       "cow",           "elephant",
    "bear",           "zebra",      "giraffe",       "backpack",      "umbrella",    "handbag",       "tie",
    "suitcase",       "frisbee",    "skis",          "snowboard",     "sports ball", "kite",          "baseball bat",
    "baseball glove", "skateboard", "surfboard",     "tennis racket", "bottle",      "wine glass",    "cup",
    "fork",           "knife",      "spoon",         "bowl",          "banana",      "apple",         "sandwich",
    "orange",         "broccoli",   "carrot",        "hot dog",       "pizza",       "donut",         "cake",
    "chair",          "sofa",       "pottedplant",   "bed",           "diningtable", "toilet",        "tvmonitor",
    "laptop",         "mouse",      "remote",        "keyboard",      "cell phone",  "microwave",     "oven",
    "toaster",        "sink",       "refrigerator",  "book",          "clock",       "vase",          "scissors",
    "teddy bear",     "hair drier", "toothbrush"
               ]
          }
        }
      }
    },